Cholera,COVID-19,Ebola,Swine Flu,SARS,Measles,Measles,Cholera,Cholera,Ebola,Swine Flu,Meningitis,MERS
0,0,59,0,0,0,0,0,0,20,0,0,0
1,0,60,0,0,0,4,1,0,26,0,0,0
5,0,77,0,1,0,7,2,0,33,1,2,0
12,0,77,0,1,1,11,2,0,34,2,3,0
21,0,77,0,2,1,15,3,0,34,4,6,0
33,0,77,0,2,1,19,4,0,35,6,9,0
47,0,77,0,3,2,22,5,0,36,8,13,0
64,0,82,0,4,3,26,6,0,37,11,18,0
84,0,88,0,4,4,30,6,0,38,14,24,0
106,0,90,0,9,5,34,7,1,39,18,30,0
131,1,93,0,10,6,37,8,1,40,22,37,0
159,1,96,0,10,7,41,9,1,41,27,45,0
189,1,99,0,11,8,45,10,2,43,32,53,0
222,1,102,0,14,10,48,10,2,45,37,62,0
257,1,106,0,17,11,52,11,2,46,43,72,0
295,2,110,0,17,13,56,12,2,48,50,82,1
336,2,115,0,49,15,60,13,3,50,56,93,1
379,2,117,0,53,17,63,13,3,53,64,105,1
425,2,120,0,53,19,67,14,9,56,71,117,1
474,3,123,0,54,21,71,15,15,59,79,130,1
525,6,126,0,56,23,75,16,21,62,88,144,1
579,9,129,0,58,26,78,17,27,66,97,158,1
635,17,132,0,62,28,82,17,33,69,107,172,1
694,25,135,0,78,31,86,18,39,72,116,187,1
756,41,136,0,79,33,89,19,45,74,127,203,1
820,56,138,0,84,36,93,20,47,75,138,219,1
887,80,140,0,89,39,97,21,48,76,149,235,1
957,106,142,1,93,42,101,21,48,76,160,252,1
1029,132,144,1,98,45,104,22,49,77,173,269,1
1104,170,147,2,103,49,108,23,50,77,185,287,1
1181,213,148,2,106,52,112,23,50,78,198,305,1
1261,259,149,3,111,56,115,24,51,80,212,323,1
1344,304,151,3,116,59,119,24,52,82,225,342,1
1440,362,152,4,119,63,123,25,53,83,240,361,1
1534,426,154,4,131,67,127,25,54,85,254,380,1
1626,492,155,4,144,71,130,26,55,86,270,399,1
1716,565,157,5,154,75,134,27,56,88,285,419,1
1804,638,158,5,159,79,138,27,56,89,301,439,1
1891,725,160,6,165,84,142,28,57,90,318,459,1
1975,813,162,6,182,88,145,28,58,91,335,479,1
2057,910,164,7,182,93,149,29,59,91,352,499,1
2138,1018,166,7,199,97,153,30,60,91,370,520,1
2216,1115,166,9,217,102,156,30,61,92,388,540,1
2293,1261,166,15,229,107,160,31,62,92,407,560,1
2367,1383,166,25,251,112,164,31,63,92,446,580,1
2440,1526,166,39,263,117,168,32,64,94,484,601,1
2510,1669,167,57,274,122,171,32,65,97,523,621,1
2578,1775,167,79,293,128,175,33,66,97,561,641,1
2644,1873,167,106,307,133,179,34,67,98,600,661,1
2708,2009,167,136,321,139,183,34,68,98,650,681,1
2770,2126,168,170,353,145,186,35,70,99,700,701,1
2830,2247,169,208,372,151,190,35,72,99,737,720,1
2888,2360,171,251,391,156,194,36,74,100,774,739,1
2943,2460,173,297,417,163,197,36,76,100,812,758,1
2996,2618,174,347,435,169,201,37,78,100,857,777,1
3047,2699,176,401,448,175,205,38,80,101,903,795,1
3095,2763,178,460,461,181,209,38,82,101,948,813,1
3141,2800,179,522,478,188,212,39,83,102,993,831,1
3185,2858,181,589,495,195,216,39,84,102,1039,848,1
3226,2923,183,659,506,201,220,40,85,103,1084,865,1
3265,2977,184,734,514,208,224,40,86,104,1129,881,1
3301,3050,185,812,526,215,227,41,87,105,1174,897,1
3334,3117,186,895,539,222,231,42,88,106,1220,913,1
3365,3202,187,955,552,230,235,42,89,108,1265,928,1
3393,3285,200,967,573,237,238,43,90,111,1310,942,1
3419,3387,201,1028,587,244,242,46,90,113,1356,956,1
3441,3494,203,1040,598,252,246,50,91,114,1401,970,1
3460,3599,204,1040,611,260,250,54,91,115,1441,983,1
3476,3827,206,1070,623,268,253,57,92,119,1481,995,1
3488,4025,208,1100,633,276,257,61,92,123,1521,1007,1
3496,4296,215,1112,643,284,261,64,93,127,1561,1018,1
3500,4628,223,1148,662,292,264,86,93,131,1601,1028,1
3513,4981,231,1173,666,300,268,107,93,135,1641,1038,1
3526,5429,235,1197,682,308,272,128,94,136,1681,1047,1
3539,5833,239,1261,689,317,276,171,94,138,1721,1055,1
3551,6519,244,1326,696,326,279,193,94,139,1761,1063,1
3564,7161,248,1390,710,334,283,257,95,142,1801,1070,1
3577,7978,253,1402,725,343,287,278,95,146,1841,1076,1
3590,8951,270,1414,735,352,291,300,95,150,1868,1082,1
3603,10030,279,1463,745,361,294,321,96,153,1895,1087,1
3616,11386,289,1511,750,370,298,321,96,154,1924,1091,1
3629,13011,298,1567,754,380,302,343,96,155,1950,1094,1
3642,14640,308,1624,764,389,305,343,97,158,1973,1097,1
3654,16514,317,1680,767,399,309,343,97,161,1992,1098,1
3667,18895,327,1692,770,408,313,364,97,164,2007,1100,1
3680,21283,337,1704,772,418,317,364,97,167,2019,1100,1
3693,24074,337,1729,772,428,320,364,97,170,2028,1100,1
3706,27345,337,1753,775,438,324,385,98,172,2033,1100,1
3719,30863,337,1827,779,448,328,385,98,174,2035,1100,1
3732,34067,337,1908,780,458,332,385,98,176,2035,1100,1
3745,37776,337,1994,782,469,335,428,98,179,2035,1100,1
3757,42313,338,2087,784,479,339,471,98,181,2035,1100,1
3770,47203,354,2185,789,490,343,514,98,184,2035,1100,1
3783,53182,370,2289,789,501,346,557,99,186,2035,1100,1
3796,58897,386,2400,790,511,350,557,99,186,2035,1100,1
3809,64696,402,2516,792,522,354,578,99,186,2035,1100,1
3822,69433,418,2638,794,533,358,578,99,190,2035,1100,1
3835,74663,434,2766,796,544,361,599,99,194,2035,1100,1
3848,82046,450,2900,799,556,365,599,99,197,2035,1100,1
3860,88460,467,3040,799,567,369,621,99,201,2035,1100,1
3873,95693,469,3186,801,579,373,706,99,205,2035,1100,1
3886,102688,472,3338,804,590,376,728,99,207,2035,1100,1
3899,108780,475,3496,804,602,380,749,99,209,2035,1100,1
3957,114197,478,3660,804,614,384,771,99,210,2035,1100,1
4015,119618,481,3830,804,626,387,792,99,211,2035,1100,1
4073,130379,518,4006,805,638,391,813,99,212,2035,1100,1
4131,138474,521,4188,807,650,395,878,99,213,2035,1100,1
4145,145470,525,4375,808,663,399,899,99,214,2035,1100,1
4159,153614,528,4569,809,675,402,920,99,215,2035,1100,1
4173,160047,532,4769,810,688,406,942,100,215,2035,1100,1
4186,165031,535,4974,810,700,410,985,100,216,2035,1100,1
4200,170397,539,5186,810,713,413,1049,100,216,2035,1100,1
4214,177459,570,5409,811,726,417,1070,100,217,2035,1100,1
4228,,601,5632,812,739,421,1113,100,226,2035,1100,1
4242,,607,5854,812,752,425,1156,100,236,2035,1100,1
4256,,613,6077,812,765,428,1220,100,238,2035,1100,1
4270,,619,6300,812,779,432,1242,100,239,2035,1100,1
4284,,625,6523,812,792,436,1284,100,241,2035,1100,1
4297,,632,6745,812,806,440,1306,100,244,2035,1100,1
4311,,641,6968,812,819,443,1327,101,248,2035,1100,1
4325,,650,7191,812,833,447,1349,101,252,2035,1100,1
4339,,660,7414,812,847,451,1391,101,255,2035,1100,1
4353,,663,7637,812,861,454,1413,101,259,2035,1100,1
4367,,666,7859,813,875,458,1434,101,264,2035,1100,1
4381,,669,8082,813,890,462,1477,101,268,2035,1100,1
4395,,672,8305,813,904,466,1499,101,272,2035,1100,1
4408,,690,8528,813,919,469,1520,101,276,2035,1100,1
4422,,709,8750,813,933,473,1541,101,279,2035,1100,1
4436,,728,8973,813,948,477,1563,101,283,2035,1100,1
4450,,760,9196,813,963,481,1606,102,285,2035,1100,1
4464,,792,9419,813,978,484,1627,102,287,2035,1100,1
4478,,825,9642,813,993,488,1648,102,289,2035,1100,1
4492,,886,9864,813,1008,492,1670,102,295,2035,1100,1
4506,,904,10886,813,1024,495,1755,102,301,2035,1100,1
4519,,922,11907,813,1039,499,1777,102,307,2035,1100,1
4533,,940,12929,813,1055,503,1820,102,313,2035,1100,1
4547,,959,13950,813,1070,507,1862,102,318,2035,1100,1
4561,,972,14571,813,1086,510,1905,102,323,2035,1100,1
4575,,985,15191,813,1102,514,1927,102,328,2035,1100,1
4589,,998,15812,813,1118,518,1948,103,332,2035,1100,1
4603,,1011,16432,813,1134,522,2012,103,337,2035,1100,1
4617,,1066,17053,813,1150,525,2077,103,342,2035,1100,1
4630,,1071,17674,813,1167,529,2141,103,347,2035,1100,1
4644,,1076,18256,813,1183,533,2184,103,349,2035,1100,1
4658,,1113,18837,813,1200,536,2248,103,351,2035,1100,1
4672,,1150,19419,813,1217,540,2312,103,353,2035,1100,1
4683,,1187,20001,813,1234,544,2398,103,355,2035,1100,1
4694,,1225,20583,813,1250,548,2462,103,357,2035,1100,1
4704,,1285,21165,813,1268,551,2526,103,359,2035,1100,1
4715,,1346,21747,813,1285,555,2569,103,361,2035,1100,1
4726,,1422,22214,813,1302,559,2633,103,363,2035,1100,1
4737,,1442,22681,813,1319,562,2676,103,365,2035,1100,1
4748,,1463,23147,813,1337,566,2697,103,367,2035,1100,1
4759,,1484,23614,813,1355,570,2762,103,368,2035,1100,1
4769,,1504,24080,813,1372,574,2826,104,370,2035,1100,1
4780,,1525,24547,813,1390,577,2890,104,372,2035,1100,1
4791,,1546,25014,813,1408,581,2954,104,374,2035,1100,1
4802,,1607,25480,813,1426,585,2976,105,376,2035,1100,1
4813,,1668,25947,813,1445,589,3018,105,379,2035,1100,1
4824,,1729,26414,813,1463,592,3040,106,381,2035,1100,1
4834,,1790,27540,813,1481,596,3061,106,383,2035,1100,1
4845,,1852,28666,813,1500,600,3104,106,385,2035,1100,1
4856,,1913,29791,813,1519,603,3126,107,388,2035,1100,1
4863,,1974,30917,813,1538,607,3168,107,390,2035,1100,1
4870,,2035,32043,813,1557,611,3211,107,394,2035,1100,1
4877,,2097,33169,813,1576,615,3275,108,397,2035,1100,1
4884,,2192,34295,813,1596,618,3318,108,401,2035,1100,1
4890,,2288,34931,813,1615,622,3340,108,405,2035,1100,1
4897,,2288,35566,813,1634,626,3404,109,409,2035,1100,1
4904,,2288,36202,813,1653,630,3447,109,412,2035,1100,1
4911,,2288,36837,813,1672,633,3489,109,416,2035,1100,1
4918,,2288,37473,813,1691,637,3511,110,422,2035,1100,1
4925,,2329,38108,813,1710,641,3532,110,428,2035,1100,1
4932,,2370,38744,813,1729,644,3575,110,434,2035,1100,1
4939,,2411,39229,813,1749,648,3596,111,441,2035,1100,1
4945,,2453,39715,813,1768,652,3639,111,447,2035,1100,1
4952,,2537,40200,813,1787,656,3661,111,453,2035,1100,1
4959,,2622,40685,813,1806,659,3661,112,459,2035,1100,1
4966,,2667,41170,813,1825,663,3682,112,462,2035,1100,1
4973,,2712,41656,813,1844,667,3725,112,465,2035,1100,1
4980,,2757,42141,813,1863,671,3746,113,468,2035,1100,1
4987,,2803,42885,813,1882,674,3768,113,472,2035,1100,1
4994,,2856,43629,813,1901,678,3811,113,475,2035,1100,1
5000,,2909,44374,813,1921,682,3832,114,478,2035,1100,1
5007,,2996,45118,813,1940,685,3841,114,481,2035,1100,1
5014,,3083,45862,813,1959,689,3850,114,484,2035,1100,1
5021,,3132,46607,813,1978,693,3859,114,487,2035,1100,1
5028,,3181,47351,813,1997,697,3867,115,491,2035,1100,1
5035,,3231,47681,813,2016,700,3876,115,494,2035,1100,1
5042,,3280,48011,813,2035,704,3884,115,497,2035,1100,1
5049,,3330,48341,813,2054,708,3892,116,500,2035,1100,1
5056,,3380,48670,813,2074,711,3900,116,504,2035,1100,1
5062,,3431,49000,813,2093,715,3908,116,507,2035,1100,1
5069,,3516,49330,813,2112,719,3916,117,510,2035,1100,1
5076,,3601,49660,813,2131,723,3924,117,513,2035,1100,1
5083,,3686,50380,813,2150,726,3932,117,516,2035,1100,1
5090,,3771,51100,813,2169,730,3939,118,519,2035,1100,1
5097,,3857,51820,813,2188,734,3947,118,522,2035,1100,1
5104,,3940,52541,813,2207,738,3954,118,525,2035,1100,1
5111,,4024,53261,813,2226,741,3961,119,528,2035,1100,1
5117,,4116,53981,813,2246,745,3968,119,531,2035,1100,1
5124,,4208,54701,813,2265,749,3975,119,534,2035,1100,1
5131,,4300,55064,813,2284,752,3982,120,536,2035,1100,1
5138,,4392,55426,813,2303,756,3989,120,538,2035,1100,1
5145,,4484,55789,813,2322,760,3995,131,540,2035,1100,1
5152,,4515,56152,813,2341,764,4002,141,542,2035,1100,1
5159,,4546,56514,813,2360,767,4008,152,544,2035,1100,1
5166,,4630,56877,813,2379,771,4015,162,546,2035,1100,1
5172,,4714,57240,813,2399,775,4021,173,548,2035,1100,1
5179,,4799,57771,813,2418,779,4027,183,550,2035,1100,1
5186,,4883,58303,813,2437,782,4033,194,552,2035,1100,1
5193,,4968,58835,813,2456,786,4039,204,555,2035,1100,1
5200,,4968,59367,813,2475,790,4045,215,557,2035,1100,1
5205,,4968,59899,813,2494,793,4051,225,559,2035,1100,1
5211,,4968,60431,813,2513,797,4057,236,561,2035,1100,1
5216,,4968,61508,813,2532,801,4062,246,564,2035,1100,1
5222,,4968,62586,813,2552,805,4068,257,567,2035,1100,1
5227,,4968,63663,813,2571,808,4073,267,570,2035,1100,1
5233,,4968,64740,813,2590,812,4079,278,573,2035,1100,1
5238,,4968,65818,813,2609,816,4084,288,576,2035,1100,1
5244,,4968,66895,813,2628,820,4089,299,579,2035,1100,1
5249,,4968,67973,813,2647,823,4094,309,582,2035,1100,1
5255,,4968,69050,813,2666,827,4099,320,584,2035,1100,2
5260,,4968,69532,813,2685,831,4104,330,587,2035,1100,2
5266,,4968,70014,813,2704,834,4109,341,589,2035,1100,2
5271,,4968,70497,813,2724,838,4114,351,591,2035,1100,2
5277,,4968,70979,813,2743,842,4119,362,593,2035,1100,2
5282,,4968,71461,813,2762,846,4124,380,596,2035,1100,2
5288,,5003,71943,813,2781,849,4128,399,598,2035,1100,2
5293,,5039,72425,813,2800,853,4133,417,602,2035,1100,2
5298,,5075,72908,813,2819,857,4137,435,606,2035,1100,2
5304,,5111,73390,813,2838,860,4142,453,610,2035,1100,2
5309,,5147,74091,813,2857,864,4146,472,614,2035,1100,2
5315,,5156,74817,813,2877,868,4150,490,617,2035,1100,2
5320,,5165,75569,813,2896,872,4155,508,621,2035,1100,2
5326,,5213,76347,813,2915,875,4159,527,625,2035,1100,2
5331,,5261,77150,813,2934,879,4163,545,629,2035,1100,3
5337,,5309,77978,813,2953,883,4167,563,637,2035,1100,3
5342,,5357,78832,813,2979,887,4171,581,645,2035,1100,3
5348,,5406,79712,813,3005,890,4175,600,652,2035,1100,3
5353,,5425,80617,813,3031,894,4178,618,660,2035,1100,3
5359,,5444,81547,813,3057,898,4182,636,668,2035,1100,3
5364,,5490,82503,813,3083,901,4186,655,676,2035,1100,3
5370,,5536,83484,813,3109,905,4190,673,682,2035,1100,3
5375,,5582,84491,813,3135,909,4193,691,689,2035,1100,3
5381,,5628,85524,813,3161,913,4197,709,695,2035,1100,3
5386,,5674,86582,813,3187,916,4200,728,702,2035,1100,3
5392,,5830,87665,813,3213,920,4204,746,708,2035,1100,4
5397,,5987,88774,813,3239,924,4207,795,715,2035,1100,4
5442,,6000,89908,813,3265,928,4211,843,721,2035,1100,4
5486,,6014,91068,813,3291,931,4214,892,733,2035,1100,4
5531,,6027,92253,813,3317,935,4217,940,744,2035,1100,4
5576,,6041,93464,813,3343,939,4220,989,756,2035,1100,4
5621,,6055,94701,813,3369,942,4223,1024,768,2035,1100,4
5665,,6100,95962,813,3395,946,4227,1059,780,2035,1100,4
5710,,6145,97250,813,3421,950,4230,1094,791,2035,1100,4
5755,,6191,98563,813,3447,954,4233,1128,803,2035,1100,5
5800,,6236,99901,813,3473,957,4236,1163,813,2035,1100,5
5844,,6282,101265,813,3499,961,4239,1198,822,2035,1100,5
5889,,6327,102654,813,3524,965,4241,1233,832,2035,1100,5
5896,,6373,104069,813,3550,969,4244,1259,841,2035,1100,5
5903,,6448,105509,813,3576,972,4247,1285,851,2035,1100,5
5910,,6523,106975,813,3602,976,4250,1311,860,2035,1100,5
5917,,6598,108466,813,3628,980,4252,1338,870,2035,1100,6
5924,,6674,109983,813,3654,983,4255,1364,879,2035,1100,6
5931,,6749,111525,813,3680,987,4258,1390,887,2035,1100,6
5938,,6824,113093,813,3706,991,4260,1416,896,2035,1100,6
5945,,6900,114686,813,3732,995,4263,1447,904,2035,1100,6
5952,,6996,116305,813,3758,998,4265,1478,913,2035,1100,6
5959,,7092,117949,813,3784,1002,4268,1509,921,2035,1100,6
5966,,7188,119618,813,3810,1006,4270,1541,930,2035,1100,6
5973,,7284,121314,813,3836,1009,4273,1572,944,2035,1100,6
5980,,7380,123034,813,3862,1013,4275,1603,958,2035,1100,7
5987,,7476,124780,813,3888,1017,4277,1634,972,2035,1100,7
5994,,7573,126552,813,3914,1021,4280,1647,986,2035,1100,7
6001,,7618,128349,813,3940,1024,4282,1660,1000,2035,1100,7
6008,,7663,130172,813,3966,1028,4284,1673,1014,2035,1100,7
6015,,7708,132020,813,3992,1032,4286,1686,1028,2035,1100,7
6022,,7753,133894,813,4018,1036,4289,1699,1041,2035,1100,7
6029,,7798,135793,813,4044,1039,4291,1712,1053,2035,1100,8
6036,,7843,137717,813,4070,1043,4293,1725,1066,2035,1100,8
6043,,7889,139667,813,4096,1047,4295,1738,1079,2035,1100,8
6050,,7936,141643,813,4115,1050,4297,1751,1092,2035,1100,8
6057,,7983,143644,813,4133,1054,4299,1764,1104,2035,1100,8
6064,,8030,145671,813,4152,1058,4301,1777,1117,2035,1100,8
6071,,8078,147723,813,4171,1062,4303,1790,1130,2035,1100,8
6078,,8125,149899,813,4189,1065,4305,1801,1143,2035,1100,8
6085,,8172,152044,813,4208,1069,4306,1811,1156,2035,1100,8
6092,,8220,154159,813,4227,1073,4308,1822,1170,2035,1100,9
6099,,8247,156244,813,4246,1077,4310,1832,1183,2035,1100,9
6106,,8275,158300,813,4264,1080,4312,1843,1196,2035,1100,9
6113,,8303,160326,813,4283,1084,4314,1853,1209,2035,1100,9
6120,,8330,162324,813,4302,1088,4315,1864,1219,2035,1100,9
6127,,8358,164294,813,4320,1091,4317,1874,1228,2035,1100,9
6134,,8386,166236,813,4339,1095,4319,1885,1238,2035,1100,9
6141,,8414,168150,813,4358,1099,4321,1888,1248,2035,1100,10
6148,,8444,170037,813,4376,1103,4322,1891,1258,2035,1100,10
6155,,8474,171898,813,4395,1106,4324,1895,1267,2035,1100,10
6162,,8504,173732,813,4414,1110,4325,1898,1277,2035,1100,10
6169,,8535,175540,813,4433,1114,4327,1901,1286,2035,1100,10
6176,,8565,177323,813,4451,1118,4328,1904,1295,2035,1100,10
6183,,8595,179081,813,4470,1121,4330,1907,1304,2035,1100,10
6190,,8626,180813,813,4489,1125,4331,1911,1312,2035,1100,10
6197,,8650,182522,813,4507,1129,4333,1914,1321,2035,1100,10
6204,,8674,184206,813,4526,1132,4334,1917,1330,2035,1100,11
6211,,8698,185866,813,4545,1136,4336,1920,1339,2035,1100,11
6218,,8722,187502,813,4563,1140,4337,1924,1345,2035,1100,11
6225,,8746,189116,813,4582,1144,4339,1927,1352,2035,1100,11
6232,,8770,190707,813,4601,1147,4340,1930,1358,2035,1100,11
6239,,8795,192275,813,4620,1151,4341,1933,1365,2035,1100,11
6246,,8819,193821,813,4638,1155,4343,1936,1371,2035,1100,11
6253,,8843,195345,813,4657,1158,4344,1940,1378,2035,1100,12
6260,,8868,196848,813,4676,1162,4345,1943,1384,2035,1100,12
6267,,8892,198329,813,4694,1166,4346,1946,1392,2035,1100,12
6274,,8917,199790,813,4713,1170,4348,1949,1400,2035,1100,12
6281,,8941,201230,813,4732,1173,4349,1952,1408,2035,1100,12
6288,,8966,202649,813,4750,1177,4350,1956,1416,2035,1100,12
6295,,8994,204048,813,4769,1181,4351,1959,1424,2035,1100,12
6302,,9022,205428,813,4788,1185,4353,1962,1432,2035,1100,12
6309,,9050,206788,813,4807,1188,4354,1965,1440,2035,1100,12
6316,,9078,208129,813,4825,1192,4355,1968,1449,2035,1100,13
6323,,9106,209451,813,4844,1196,4356,1972,1459,2035,1100,13
6330,,9134,210754,813,4863,1199,4357,1975,1468,2035,1100,13
6337,,9162,212039,813,4881,1203,4358,1978,1478,2035,1100,13
6344,,9191,213305,813,4900,1207,4359,1981,1487,2035,1100,13
6351,,9220,214554,813,4917,1211,4360,1984,1497,2035,1100,13
6358,,9249,215785,813,4934,1214,4361,1988,1506,2035,1100,13
6365,,9278,216999,813,4950,1218,4362,1991,1514,2035,1100,14
6372,,9307,218195,813,4967,1222,4363,1994,1522,2035,1100,14
6379,,9336,219375,813,4984,1226,4364,1997,1530,2035,1100,14
6386,,9365,220537,813,5001,1229,4365,2001,1539,2035,1100,14
6393,,9397,221684,813,5001,1233,4366,2004,1547,2035,1100,14
6400,,9429,222814,813,5001,1237,4367,2007,1555,2035,1100,14
6407,,9461,223928,813,5001,1240,4368,2010,1563,2035,1100,14
6414,,9493,225027,813,5001,1244,4369,2013,1572,2035,1100,14
6421,,9525,226109,813,5001,1248,4369,2017,1581,2035,1100,14
6428,,9557,227177,813,5001,1252,4369,2020,1590,2035,1100,15
6435,,9589,228230,813,5001,1255,4369,2023,1598,2035,1100,15
6443,,9618,229267,813,5001,1259,4369,2026,1607,2035,1100,15
6451,,9647,230290,813,5001,1263,4369,2029,1616,2035,1100,15
6459,,9676,231299,813,5001,1267,4369,2033,1625,2035,1100,15
6466,,9705,232293,813,5001,1270,4369,2036,1631,2035,1100,15
6474,,9734,233273,813,5001,1274,4369,2039,1636,2035,1100,15
6482,,9763,234239,813,5001,1278,4369,2042,1642,2035,1100,16
6490,,9792,235192,813,5001,1281,4369,2045,1648,2035,1100,16
6498,,9816,236131,813,5001,1285,4369,2049,1654,2035,1100,16
6506,,9840,237057,813,5001,1289,4369,2052,1659,2035,1100,16
6514,,9864,237970,813,5001,1293,4369,2055,1665,2035,1100,16
6522,,9888,238870,813,5001,1296,4369,2058,1675,2035,1100,16
6529,,9912,239757,813,5001,1300,4369,2061,1686,2035,1100,16
6537,,9936,240631,813,5001,1304,4369,2065,1696,2035,1100,16
6545,,9961,241493,813,5001,1307,4369,2068,1706,2035,1100,16
6553,,9992,242344,813,5001,1311,4369,2071,1716,2035,1100,17
6561,,10023,243182,813,5001,1315,4369,2074,1727,2035,1100,17
6569,,10054,244008,813,5001,1319,4369,2078,1737,2035,1100,17
6577,,10085,244822,813,5001,1322,4369,2081,1743,2035,1100,17
6585,,10116,245625,813,5001,1326,4369,2084,1750,2035,1100,17
6592,,10147,246417,813,5001,1330,4369,2087,1756,2035,1100,17
6600,,10179,247197,813,5001,1334,4369,2090,1763,2035,1100,17
6608,,10197,247967,813,5001,1337,4369,2094,1769,2035,1100,18
6616,,10216,248725,813,5001,1341,4369,2097,1776,2035,1100,18
6624,,10235,249473,813,5001,1345,4369,2100,1782,2035,1100,18
6632,,10254,250210,813,5001,1348,4369,2103,1791,2035,1100,18
6640,,10273,250937,813,5001,1352,4369,2106,1799,2035,1100,18
6647,,10292,251653,813,5001,1356,4369,2110,1808,2035,1100,18
6655,,10311,252360,813,5001,1360,4369,2113,1817,2035,1100,18
6663,,10338,253056,813,5001,1363,4369,2116,1826,2035,1100,18
6671,,10350,253742,813,5001,1367,4369,2119,1834,2035,1100,18
6679,,10366,254419,813,5001,1371,4369,2122,1843,2035,1100,19
6687,,10382,255087,813,5001,1375,4369,2126,1849,2035,1100,19
6695,,10398,255744,813,5001,1378,4369,2129,1856,2035,1100,19
6703,,10445,256393,813,5001,1382,4369,2132,1862,2035,1100,19
6710,,10445,257032,813,5001,1386,4369,2135,1869,2035,1100,19
6718,,10462,257662,813,5001,1389,4369,2138,1875,2035,1100,19
6726,,10484,258284,813,5001,1393,4369,2142,1882,2035,1100,19
6734,,10506,258896,813,5001,1397,4369,2145,1888,2035,1100,20
6742,,10528,259500,813,5001,1401,4369,2148,1894,2035,1100,20
6750,,10550,260096,813,5001,1404,4369,2151,1900,2035,1100,20
6758,,10573,260683,813,5001,1408,4369,2155,1905,2035,1100,20
6766,,10573,261261,813,5001,1412,4369,2158,1911,2035,1100,20
6773,,10584,261832,813,5001,1416,4369,2161,1917,2035,1100,20
6781,,10587,262394,813,5001,1419,4369,2164,1922,2035,1100,20
6789,,10592,262949,813,5001,1423,4369,2167,1928,2035,1100,20
6797,,10598,263495,813,5001,1427,4369,2171,1934,2035,1100,20
6800,,10604,264034,813,5001,1430,4369,2174,1943,2035,1100,21
6802,,10611,264565,813,5001,1434,4369,2177,1951,2035,1100,21
6805,,10689,265089,813,5001,1438,4369,2180,1960,2035,1100,21
6808,,10699,265606,813,5001,1442,4369,2183,1969,2035,1100,21
6811,,10702,266115,813,5001,1445,4369,2186,1977,2035,1100,21
6813,,10715,266616,813,5001,1449,4369,2189,1986,2035,1100,21
6816,,10721,267111,813,5001,1453,4369,2193,1992,2035,1100,21
6819,,10814,267599,813,5001,1456,4369,2196,1999,2035,1100,22
6821,,10820,268080,813,5001,1460,4369,2199,2005,2035,1100,22
6824,,10824,268554,813,5001,1464,4369,2202,2012,2035,1100,22
6827,,10833,269021,813,5001,1468,4369,2205,2018,2035,1100,22
6830,,10842,269482,813,5001,1471,4369,2208,2025,2035,1100,22
6832,,10863,269936,813,5001,1475,4369,2211,2031,2035,1100,22
6835,,10884,270384,813,5001,1479,4369,2214,2036,2035,1100,23
6838,,10887,270825,813,5001,1483,4369,2217,2040,2035,1100,23
6840,,10890,271261,813,5001,1486,4369,2221,2045,2035,1100,23
6843,,10892,271690,813,5001,1490,4369,2224,2050,2035,1100,24
6846,,10893,272113,813,5001,1494,4369,2227,2055,2035,1100,24
6849,,10894,272530,813,5001,1497,4369,2230,2059,2035,1100,24
6851,,10895,272941,813,5001,1501,4369,2233,2064,2035,1100,25
6854,,10980,273346,813,5001,1505,4369,2236,2068,2035,1100,25
6857,,11006,273746,813,5001,1509,4369,2239,2071,2035,1100,25
6859,,11007,274140,813,5001,1512,4369,2242,2075,2035,1100,26
6862,,11007,274528,813,5001,1516,4369,2245,2079,2035,1100,26
6865,,11026,274911,813,5001,1520,4369,2249,2083,2035,1100,26
6868,,11045,275288,813,5001,1524,4369,2252,2086,2035,1100,27
6870,,11064,275660,813,5001,1527,4369,2255,2090,2035,1100,27
6873,,11065,276027,813,5001,1531,4369,2258,2094,2035,1100,27
6876,,11068,276389,813,5001,1535,4369,2261,2097,2035,1100,28
6878,,11072,276746,813,5001,1538,4369,2264,2101,2035,1100,28
6881,,11074,277097,813,5001,1542,4369,2267,2104,2035,1100,28
6884,,11088,277444,813,5001,1546,4369,2270,2108,2035,1100,29
6887,,11102,277785,813,5001,1550,4369,2273,2111,2035,1100,29
6889,,11117,278122,813,5001,1553,4369,2277,2115,2035,1100,29
6892,,11120,278454,813,5001,1557,4369,2280,2118,2035,1100,30
6895,,11121,278781,813,5001,1561,4369,2283,2120,2035,1100,30
6897,,11122,279104,813,5001,1565,4369,2286,2123,2035,1100,30
6900,,11125,279422,813,5001,1568,4369,2289,2125,2035,1100,30
6903,,11127,279736,813,5001,1572,4369,2292,2128,2035,1100,31
6906,,11129,280045,813,5001,1576,4369,2295,2130,2035,1100,31
6908,,11131,280350,813,5001,1579,4369,2298,2133,2035,1100,31
6911,,11134,280650,813,5001,1583,4369,2301,2135,2035,1100,32
6914,,11137,280947,813,5001,1587,4369,2305,2137,2035,1100,32
6916,,11140,281239,813,5001,1591,4369,2308,2139,2035,1100,32
6919,,11142,281527,813,5001,1594,4369,2311,2140,2035,1100,33
6922,,11143,281811,813,5001,1598,4369,2314,2142,2035,1100,33
6925,,11144,282091,813,5001,1602,4369,2317,2144,2035,1100,33
6927,,11145,282367,813,5001,1605,4369,2320,2146,2035,1100,34
6930,,11147,282639,813,5001,1609,4369,2323,2147,2035,1100,34
6933,,11147,282907,813,5001,1613,4369,2326,2147,2035,1100,34
6935,,11148,283171,813,5001,1617,4369,2329,2148,2035,1100,35
6938,,11148,283432,813,5001,1620,4369,2333,2148,2035,1100,35
6941,,11149,283689,813,5001,1624,4369,2336,2149,2035,1100,35
6944,,11149,283942,813,5001,1628,4369,2339,2149,2035,1100,36
6946,,11154,284192,813,5001,1632,4369,2342,2150,2035,1100,36
6949,,11158,284438,813,5001,1635,4369,2345,2153,2035,1100,36
6952,,11160,284681,813,5001,1639,4369,2346,2155,2035,1100,37
6954,,11163,284920,813,5001,1643,4369,2346,2158,2035,1100,37
6957,,11163,285156,813,5001,1646,4369,2347,2161,2035,1100,37
6960,,11164,285388,813,5001,1650,4369,2348,2164,2035,1100,38
6963,,11166,285618,813,5001,1654,4369,2348,2166,2035,1100,38
6965,,11168,285844,813,5001,1658,4369,2349,2169,2035,1100,38
6968,,11169,286067,813,5001,1661,4369,2349,2170,2035,1100,38
6971,,11171,286286,813,5001,1665,4369,2350,2172,2035,1100,38
6973,,11173,286503,813,5001,1669,4369,2351,2173,2035,1100,39
6976,,11178,286716,813,5001,1673,4369,2351,2174,2035,1100,39
6979,,11185,286927,813,5001,1676,4369,2352,2176,2035,1100,39
6982,,11192,287134,813,5001,1680,4369,2353,2177,2035,1100,39
6984,,11199,287339,813,5001,1683,4369,2353,2179,2035,1100,39
6987,,11207,287541,813,5001,1685,4369,2354,2180,2035,1100,39
6990,,11212,287739,813,5001,1688,4369,2354,2181,2035,1100,39
6992,,11217,287935,813,5001,1691,4369,2355,2182,2035,1100,40
6995,,11217,288129,813,5001,1693,4369,2356,2182,2035,1100,40
6998,,11217,288319,813,5001,1696,4369,2356,2183,2035,1100,40
7001,,11218,288507,813,5001,1699,4369,2357,2184,2035,1100,40
7003,,11218,288692,813,5001,1701,4369,2358,2185,2035,1100,40
7006,,11219,288875,813,5001,1704,4369,2358,2186,2035,1100,40
7009,,11220,289055,813,5001,1707,4369,2359,2187,2035,1100,40
7011,,11220,289232,813,5001,1709,4369,2360,2188,2035,1100,41
7014,,11224,289407,813,5001,1712,4369,2360,2190,2035,1100,41
7017,,11229,289580,813,5001,1715,4369,2361,2191,2035,1100,41
7020,,11328,289750,813,5001,1717,4369,2361,2192,2035,1100,41
7022,,11328,289917,813,5001,1720,4369,2362,2193,2035,1100,41
7025,,11328,290082,813,5001,1723,4369,2363,2193,2035,1100,41
7029,,11328,290245,813,5001,1725,4369,2363,2194,2035,1100,42
7034,,11328,290406,813,5001,1728,4369,2364,2194,2035,1100,42
7038,,11328,290564,813,5001,1731,4369,2364,2194,2035,1100,42
7042,,11328,290720,813,5001,1733,4369,2365,2194,2035,1100,42
7047,,11328,290874,813,5001,1736,4369,2365,2195,2035,1100,42
7051,,11328,291026,813,5001,1739,4369,2365,2195,2035,1100,42
7056,,11328,291175,813,5001,1741,4369,2365,2195,2035,1100,42
7060,,11328,291323,813,5001,1744,4369,2366,2196,2035,1100,43
7064,,11328,291468,813,5001,1747,4369,2366,2196,2035,1100,43
7069,,11328,291612,813,5001,1749,4369,2366,2197,2035,1100,43
7073,,11328,291753,813,5001,1752,4369,2367,2197,2035,1100,43
7077,,11328,291892,813,5001,1755,4369,2367,2198,2035,1100,43
7082,,11328,292029,813,5001,1757,4369,2367,2198,2035,1100,43
7086,,11328,292165,813,5001,1760,4369,2367,2199,2035,1100,43
7090,,11328,292298,813,5001,1763,4369,2368,2200,2035,1100,44
7095,,11328,292430,813,5001,1765,4369,2368,2200,2035,1100,44
7099,,11328,292559,813,5001,1768,4369,2368,2201,2035,1100,44
7103,,11328,292687,813,5001,1771,4369,2369,2202,2035,1100,44
7108,,11328,292813,813,5001,1773,4369,2369,2203,2035,1100,44
7112,,11328,292938,813,5001,1776,4369,2369,2204,2035,1100,44
7117,,11328,293060,813,5001,1779,4369,2370,2204,2035,1100,44
7121,,11328,293181,813,5001,1781,4369,2370,2205,2035,1100,45
7125,,11328,293300,813,5001,1784,4369,2370,2206,2035,1100,45
7130,,11328,293417,813,5001,1787,4369,2371,2207,2035,1100,45
7134,,11328,293533,813,5001,1789,4369,2371,2207,2035,1100,45
7138,,11328,293647,813,5001,1792,4369,2372,2208,2035,1100,45
7143,,11328,293760,813,5001,1795,4369,2372,2209,2035,1100,45
7147,,11328,293871,813,5001,1797,4369,2372,2210,2035,1100,45
7151,,11328,293980,813,5001,1800,4369,2373,2211,2035,1100,46
7156,,11328,294088,813,5001,1802,4369,2373,2212,2035,1100,46
7160,,11328,294194,813,5001,1805,4369,2373,2213,2035,1100,46
7164,,11328,294299,813,5001,1808,4369,2374,2214,2035,1100,46
7169,,11328,294402,813,5001,1810,4369,2374,2215,2035,1100,46
7173,,11328,294504,813,5001,1813,4369,2374,2216,2035,1100,46
7178,,11328,294604,813,5001,1816,4369,2375,2218,2035,1100,47
7182,,11328,294703,813,5001,1818,4369,2375,2219,2035,1100,47
7186,,11328,294801,813,5001,1821,4369,2376,2220,2035,1100,47
7191,,11328,294897,813,5001,1824,4369,2376,2221,2035,1100,47
7195,,11328,294992,813,5001,1826,4369,2376,2222,2035,1100,47
7199,,11328,295085,813,5001,1829,4369,2377,2223,2035,1100,47
7204,,11328,295177,813,5001,1832,4369,2377,2224,2035,1100,47
7208,,11328,295268,813,5001,1834,4369,2377,2225,2035,1100,48
7212,,11328,295358,813,5001,1837,4369,2378,2225,2035,1100,48
7217,,11328,295446,813,5001,1840,4369,2378,2226,2035,1100,48
7221,,11328,295446,813,5001,1842,4369,2378,2227,2035,1100,48
7225,,11328,295446,813,5001,1845,4369,2379,2227,2035,1100,48
7230,,11328,295446,813,5001,1848,4369,2379,2228,2035,1100,48
7234,,11328,295446,813,5001,1850,4369,2379,2228,2035,1100,48
7239,,11328,295446,813,5001,1853,4369,2380,2229,2035,1100,49
7243,,11328,295446,813,5001,1856,4369,2380,2230,2035,1100,49
7247,,11328,295446,813,5001,1858,4369,2381,2230,2035,1100,49
7252,,11328,295446,813,5001,1861,4369,2381,2231,2035,1100,49
7256,,11328,295446,813,5001,1864,4369,2381,2232,2035,1100,49
7260,,11328,295446,813,5001,1866,4369,2382,2232,2035,1100,49
7265,,11328,295446,813,5001,1869,4369,2382,2233,2035,1100,49
7269,,11328,295446,813,5001,1872,4369,2382,2234,2035,1100,50
7273,,11328,295446,813,5001,1874,4369,2383,2234,2035,1100,50
7278,,11328,295446,813,5001,1877,4369,2383,2235,2035,1100,50
7282,,11328,295446,813,5001,1880,4369,2384,2235,2035,1100,50
7286,,11328,295446,813,5001,1882,4369,2384,2236,2035,1100,50
7291,,11328,295446,813,5001,1885,4369,2384,2236,2035,1100,50
7295,,11328,295446,813,5001,1888,4369,2385,2237,2035,1100,50
7300,,11328,295446,813,5001,1890,4369,2385,2238,2035,1100,51
7304,,11328,295446,813,5001,1893,4369,2385,2238,2035,1100,51
7308,,11328,295446,813,5001,1896,4369,2386,2239,2035,1100,51
7313,,11328,295446,813,5001,1898,4369,2386,2239,2035,1100,51
7317,,11328,295446,813,5001,1901,4369,2387,2240,2035,1100,51
7321,,11328,295446,813,5001,1904,4369,2387,2240,2035,1100,51
7326,,11328,295446,813,5001,1906,4369,2387,2241,2035,1100,52
7330,,11328,295446,813,5001,1909,4369,2388,2242,2035,1100,52
7334,,11328,295446,813,5001,1912,4369,2388,2242,2035,1100,52
7339,,11328,295446,813,5001,1914,4369,2388,2243,2035,1100,52
7343,,11328,295446,813,5001,1917,4369,2389,2244,2035,1100,52
7347,,11328,295446,813,5001,1920,4369,2389,2244,2035,1100,52
7352,,11328,295446,813,5001,1922,4369,2390,2245,2035,1100,52
7356,,11328,295446,813,5001,1925,4369,2390,2246,2035,1100,53
7361,,11328,295446,813,5001,1928,4369,2390,2246,2035,1100,53
7365,,11328,295446,813,5001,1930,4369,2391,2247,2035,1100,53
7369,,11328,295446,813,5001,1933,4369,2391,2247,2035,1100,53
7374,,11328,295446,813,5001,1936,4369,2391,2248,2035,1100,53
7378,,11328,295446,813,5001,1938,4369,2391,2249,2035,1100,53
7382,,11328,295446,813,5001,1941,4369,2391,2249,2035,1100,53
7387,,11328,295446,813,5001,1944,4369,2392,2250,2035,1100,54
7391,,11328,295446,813,5001,1946,4369,2392,2250,2035,1100,54
7395,,11328,295446,813,5001,1949,4369,2392,2250,2035,1100,54
7400,,11328,295446,813,5001,1952,4369,2392,2251,2035,1100,54
7404,,11328,295446,813,5001,1954,4369,2392,2251,2035,1100,54
7408,,11328,295446,813,5001,1957,4369,2392,2251,2035,1100,54
7413,,11328,295446,813,5001,1960,4369,2392,2251,2035,1100,54
7417,,11328,295446,813,5001,1962,4369,2393,2252,2035,1100,55
7422,,11328,295446,813,5001,1965,4369,2393,2252,2035,1100,55
7426,,11328,295446,813,5001,1968,4369,2393,2252,2035,1100,55
7430,,11328,295446,813,5001,1970,4369,2393,2252,2035,1100,55
7435,,11328,295446,813,5001,1973,4369,2393,2252,2035,1100,55
7439,,11328,295446,813,5001,1976,4369,2393,2253,2035,1100,55
7443,,11328,295446,813,5001,1978,4369,2393,2253,2035,1100,55
7448,,11328,295446,813,5001,1981,4369,2394,2253,2035,1100,56
7452,,11328,295446,813,5001,1984,4369,2394,2254,2035,1100,56
7456,,11328,295446,813,5001,1986,4369,2394,2254,2035,1100,56
7461,,11328,295446,813,5001,1989,4369,2394,2255,2035,1100,56
7465,,11328,295446,813,5001,1992,4369,2394,2255,2035,1100,56
7469,,11328,295446,813,5001,1994,4369,2394,2256,2035,1100,56
7474,,11328,295446,813,5001,1997,4369,2394,2256,2035,1100,57
7478,,11328,295446,813,5001,2000,4369,2395,2257,2035,1100,57
7483,,11328,295446,813,5001,2002,4369,2395,2257,2035,1100,57
7487,,11328,295446,813,5001,2005,4369,2395,2258,2035,1100,57
7491,,11328,295446,813,5001,2008,4369,2395,2258,2035,1100,57
7496,,11328,295446,813,5001,2010,4369,2396,2259,2035,1100,57
7500,,11328,295446,813,5001,2013,4369,2397,2259,2035,1100,57
7507,,11328,295446,813,5001,2016,4369,2398,2260,2035,1100,58
7513,,11328,295446,813,5001,2018,4369,2399,2260,2035,1100,58
7520,,11328,295446,813,5001,2021,4369,2400,2261,2035,1100,58
7526,,11328,295446,813,5001,2024,4369,2401,2261,2035,1100,58
7533,,11328,295446,813,5001,2026,4369,2402,2262,2035,1100,58
7539,,11328,295446,813,5001,2029,4369,2403,2262,2035,1100,58
7546,,11328,295446,813,5001,2032,4369,2403,2263,2035,1100,58
7552,,11328,295446,813,5001,2034,4369,2404,2263,2035,1100,59
7559,,11328,295446,813,5001,2037,4369,2405,2264,2035,1100,59
7565,,11328,295446,813,5001,2039,4369,2406,2264,2035,1100,59
7572,,11328,295446,813,5001,2042,4369,2407,2265,2035,1100,59
7578,,11328,295446,813,5001,2045,4369,2408,2265,2035,1100,59
7585,,11328,295446,813,5001,2047,4369,2409,2266,2035,1100,59
7591,,11328,295446,813,5001,2050,4369,2410,2266,2035,1100,59
7598,,11328,295446,813,5001,2053,4369,2411,2267,2035,1100,60
7604,,11328,295446,813,5001,2055,4369,2411,2267,2035,1100,60
7611,,11328,295446,813,5001,2058,4369,2412,2268,2035,1100,60
7617,,11328,295446,813,5001,2061,4369,2412,2268,2035,1100,60
7624,,11328,295446,813,5001,2063,4369,2413,2268,2035,1100,60
7630,,11328,295446,813,5001,2066,4369,2413,2268,2035,1100,60
7637,,11328,295446,813,5001,2069,4369,2414,2268,2035,1100,60
7643,,11328,295446,813,5001,2071,4369,2414,2268,2035,1100,61
7650,,11328,295446,813,5001,2074,4369,2415,2268,2035,1100,61
7657,,11328,295446,813,5001,2077,4369,2415,2268,2035,1100,61
7663,,11328,295446,813,5001,2079,4369,2416,2268,2035,1100,61
7670,,11328,295446,813,5001,2082,4369,2416,2268,2035,1100,61
7676,,11328,295446,813,5001,2085,4369,2416,2268,2035,1100,61
7683,,11328,295446,813,5001,2087,4369,2417,2268,2035,1100,61
7689,,11328,295446,813,5001,2090,4369,2417,2268,2035,1100,62
7696,,11328,295446,813,5001,2093,4369,2418,2268,2035,1100,62
7702,,11328,295446,813,5001,2095,4369,2418,2268,2035,1100,62
7709,,11328,295446,813,5001,2098,4369,2419,2268,2035,1100,62
7715,,11328,295446,813,5001,2101,4369,2419,2268,2035,1100,62
7722,,11328,295446,813,5001,2103,4369,2420,2268,2035,1100,62
7728,,11328,295446,813,5001,2106,4369,2420,2268,2035,1100,63
7735,,11328,295446,813,5001,2109,4369,2420,2268,2035,1100,63
7741,,11328,295446,813,5001,2111,4369,2421,2268,2035,1100,63
7748,,11328,295446,813,5001,2114,4369,2421,2268,2035,1100,63
7754,,11328,295446,813,5001,2117,4369,2422,2268,2035,1100,63
7761,,11328,295446,813,5001,2119,4369,2422,2268,2035,1100,63
7767,,11328,295446,813,5001,2122,4369,2423,2268,2035,1100,63
7774,,11328,295446,813,5001,2125,4369,2423,2268,2035,1100,64
7780,,11328,295446,813,5001,2127,4369,2424,2268,2035,1100,64
7787,,11328,295446,813,5001,2130,4369,2424,2268,2035,1100,64
7793,,11328,295446,813,5001,2133,4369,2425,2268,2035,1100,64
7800,,11328,295446,813,5001,2135,4369,2425,2268,2035,1100,64
7802,,11328,295446,813,5001,2138,4369,2425,2268,2035,1100,64
7803,,11328,295446,813,5001,2141,4369,2426,2268,2035,1100,64
7805,,11328,295446,813,5001,2143,4369,2426,2268,2035,1100,65
7806,,11328,295446,813,5001,2146,4369,2427,2268,2035,1100,65
7808,,11328,295446,813,5001,2149,4369,2427,2268,2035,1100,65
7809,,11328,295446,813,5001,2151,4369,2428,2268,2035,1100,65
7811,,11328,295446,813,5001,2154,4369,2428,2268,2035,1100,65
7813,,11328,295446,813,5001,2157,4369,2429,2268,2035,1100,65
7814,,11328,295446,813,5001,2159,4369,2429,2268,2035,1100,65
7816,,11328,295446,813,5001,2162,4369,2430,2268,2035,1100,66
7817,,11328,295446,813,5001,2165,4369,2430,2268,2035,1100,66
7819,,11328,295446,813,5001,2167,4369,2432,2268,2035,1100,66
7820,,11328,295446,813,5001,2170,4369,2435,2268,2035,1100,66
7822,,11328,295446,813,5001,2173,4369,2437,2268,2035,1100,66
7824,,11328,295446,813,5001,2175,4369,2440,2268,2035,1100,66
7825,,11328,295446,813,5001,2178,4369,2442,2268,2035,1100,66
7827,,11328,295446,813,5001,2181,4369,2444,2268,2035,1100,67
7828,,11328,295446,813,5001,2183,4369,2447,2268,2035,1100,67
7830,,11328,295446,813,5001,2186,4369,2449,2268,2035,1100,67
7831,,11328,295446,813,5001,2189,4369,2451,2268,2035,1100,67
7833,,11328,295446,813,5001,2191,4369,2454,2268,2035,1100,67
7835,,11328,295446,813,5001,2194,4369,2456,2268,2035,1100,67
7836,,11328,295446,813,5001,2197,4369,2459,2268,2035,1100,68
7838,,11328,295446,813,5001,2199,4369,2461,2268,2035,1100,68
7839,,11328,295446,813,5001,2202,4369,2463,2268,2035,1100,68
7841,,11328,295446,813,5001,2205,4369,2466,2268,2035,1100,68
7842,,11328,295446,813,5001,2207,4369,2468,2268,2035,1100,68
7844,,11328,295446,813,5001,2210,4369,2470,2268,2035,1100,68
7845,,11328,295446,813,5001,2213,4369,2473,2268,2035,1100,68
7847,,11328,295446,813,5001,2215,4369,2475,2268,2035,1100,69
7849,,11328,295446,813,5001,2218,4369,2478,2268,2035,1100,69
7850,,11328,295446,813,5001,2221,4369,2480,2268,2035,1100,69
7852,,11328,295446,813,5001,2223,4369,2482,2268,2035,1100,69
7853,,11328,295446,813,5001,2226,4369,2485,2268,2035,1100,69
7855,,11328,295446,813,5001,2229,4369,2487,2268,2035,1100,69
7856,,11328,295446,813,5001,2231,4369,2490,2268,2035,1100,69
7858,,11328,295446,813,5001,2234,4369,2492,2268,2035,1100,70
7860,,11328,295446,813,5001,2237,4369,2494,2268,2035,1100,70
7861,,11328,295446,813,5001,2239,4369,2497,2268,2035,1100,70
7863,,11328,295446,813,5001,2242,4369,2499,2268,2035,1100,70
7864,,11328,295446,813,5001,2245,4369,2501,2268,2035,1100,70
7866,,11328,295446,813,5001,2247,4369,2504,2268,2035,1100,70
7867,,11328,295446,813,5001,2250,4369,2506,2268,2035,1100,70
7869,,11328,295446,813,5001,2253,4369,2509,2268,2035,1100,71
7871,,11328,295446,813,5001,2255,4369,2511,2268,2035,1100,71
7872,,11328,295446,813,5001,2258,4369,2513,2268,2035,1100,71
7874,,11328,295446,813,5001,2261,4369,2516,2268,2035,1100,71
7875,,11328,295446,813,5001,2263,4369,2518,2268,2035,1100,71
7877,,11328,295446,813,5001,2266,4369,2520,2268,2035,1100,71
7878,,11328,295446,813,5001,2268,4369,2523,2268,2035,1100,71
7880,,11328,295446,813,5001,2271,4369,2525,2268,2035,1100,72
7882,,11328,295446,813,5001,2274,4369,2528,2268,2035,1100,72
7883,,11328,295446,813,5001,2276,4369,2530,2268,2035,1100,72
7885,,11328,295446,813,5001,2279,4369,2532,2268,2035,1100,72
7886,,11328,295446,813,5001,2282,4369,2535,2268,2035,1100,72
7888,,11328,295446,813,5001,2284,4369,2537,2268,2035,1100,72
7889,,11328,295446,813,5001,2287,4369,2540,2268,2035,1100,73
7891,,11328,295446,813,5001,2290,4369,2542,2268,2035,1100,73
7893,,11328,295446,813,5001,2292,4369,2544,2268,2035,1100,73
7894,,11328,295446,813,5001,2295,4369,2547,2268,2035,1100,73
7896,,11328,295446,813,5001,2298,4369,2549,2268,2035,1100,73
7897,,11328,295446,813,5001,2300,4369,2551,2268,2035,1100,73
7899,,11328,295446,813,5001,2303,4369,2554,2268,2035,1100,73
7900,,11328,295446,813,5001,2306,4369,2556,2268,2035,1100,74
7902,,11328,295446,813,5001,2308,4369,2559,2268,2035,1100,74
7904,,11328,295446,813,5001,2311,4369,2561,2268,2035,1100,74
7905,,11328,295446,813,5001,2314,4369,2563,2268,2035,1100,74
7907,,11328,295446,813,5001,2316,4369,2566,2268,2035,1100,74
7908,,11328,295446,813,5001,2319,4369,2568,2268,2035,1100,74
7910,,11328,295446,813,5001,2322,4369,2570,2268,2035,1100,74
7911,,11328,295446,813,5001,2324,4369,2573,2268,2035,1100,75
7913,,11328,295446,813,5001,2327,4369,2575,2268,2035,1100,75
7915,,11328,295446,813,5001,2330,4369,2578,2268,2035,1100,75
7916,,11328,295446,813,5001,2332,4369,2580,2268,2035,1100,75
7918,,11328,295446,813,5001,2335,4369,2582,2268,2035,1100,75
7919,,11328,295446,813,5001,2338,4369,2585,2268,2035,1100,75
7921,,11328,295446,813,5001,2340,4369,2587,2268,2035,1100,75
7922,,11328,295446,813,5001,2343,4369,2590,2268,2035,1100,76
7924,,11328,295446,813,5001,2346,4369,2592,2268,2035,1100,76
7925,,11328,295446,813,5001,2348,4369,2594,2268,2035,1100,76
7927,,11328,295446,813,5001,2351,4369,2597,2268,2035,1100,76
7929,,11328,295446,813,5001,2354,4369,2599,2268,2035,1100,76
7930,,11328,295446,813,5001,2356,4369,2601,2268,2035,1100,76
7932,,11328,295446,813,5001,2359,4369,2604,2268,2035,1100,76
7933,,11328,295446,813,5001,2362,4369,2606,2268,2035,1100,77
7935,,11328,295446,813,5001,2364,4369,2609,2268,2035,1100,77
7936,,11328,295446,813,5001,2367,4369,2611,2268,2035,1100,77
7938,,11328,295446,813,5001,2370,4369,2613,2268,2035,1100,77
7940,,11328,295446,813,5001,2372,4369,2616,2268,2035,1100,77
7941,,11328,295446,813,5001,2375,4369,2618,2268,2035,1100,77
7943,,11328,295446,813,5001,2378,4369,2620,2268,2035,1100,78
7944,,11328,295446,813,5001,2380,4369,2623,2268,2035,1100,78
7946,,11328,295446,813,5001,2383,4369,2625,2268,2035,1100,78
7947,,11328,295446,813,5001,2386,4369,2628,2268,2035,1100,78
7949,,11328,295446,813,5001,2388,4369,2630,2268,2035,1100,78
7951,,11328,295446,813,5001,2391,4369,2629,2268,2035,1100,78
7952,,11328,295446,813,5001,2394,4369,2628,2268,2035,1100,78
7954,,11328,295446,813,5001,2396,4369,2627,2268,2035,1100,79
7955,,11328,295446,813,5001,2399,4369,2626,2268,2035,1100,79
7957,,11328,295446,813,5001,2402,4369,2625,2268,2035,1100,79
7958,,11328,295446,813,5001,2404,4369,2624,2268,2035,1100,79
7960,,11328,295446,813,5001,2407,4369,2624,2268,2035,1100,79
7963,,11328,295446,813,5001,2410,4369,2623,2268,2035,1100,79
7966,,11328,295446,813,5001,2412,4369,2622,2268,2035,1100,79
7969,,11328,295446,813,5001,2415,4369,2621,2268,2035,1100,80
7972,,11328,295446,813,5001,2418,4369,2620,2268,2035,1100,80
7975,,11328,295446,813,5001,2420,4369,2619,2268,2035,1100,80
,,11328,295446,813,5001,2423,4369,2618,2268,2035,1100,80
7982,,11328,295446,813,5001,2426,4369,2617,2268,2035,1100,80
7985,,11328,295446,813,5001,2428,4369,2616,2268,2035,1100,80
7988,,11328,295446,813,5001,2431,4369,2615,2268,2035,1100,80
7991,,11328,295446,813,5001,2434,4369,2614,2268,2035,1100,80
7994,,11328,295446,813,5001,2436,4369,2613,2268,2035,1100,80
7997,,11328,295446,813,5001,2439,4369,2612,2268,2035,1100,80
8000,,11328,295446,813,5001,2442,4369,2611,2268,2035,1100,80
8003,,11328,295446,813,5001,2444,4369,2610,2268,2035,1100,80
8006,,11328,295446,813,5001,2447,4369,2610,2268,2035,1100,80
8009,,11328,295446,813,5001,2450,4369,2609,2268,2035,1100,80
8012,,11328,295446,813,5001,2452,4369,2608,2268,2035,1100,80
8015,,11328,295446,813,5001,2455,4369,2607,2268,2035,1100,80
8019,,11328,295446,813,5001,2458,4369,2606,2268,2035,1100,80
8022,,11328,295446,813,5001,2460,4369,2605,2268,2035,1100,80
8025,,11328,295446,813,5001,2463,4369,2604,2268,2035,1100,80
8028,,11328,295446,813,5001,2466,4369,2604,2268,2035,1100,80
8031,,11328,295446,813,5001,2468,4369,2604,2268,2035,1100,80
8034,,11328,295446,813,5001,2471,4369,2604,2268,2035,1100,80
8037,,11328,295446,813,5001,2474,4369,2604,2268,2035,1100,80
8043,,11328,295446,813,5001,2476,4369,2604,2268,2035,1100,80
8049,,11328,295446,813,5001,2479,4369,2604,2268,2035,1100,80
8055,,11328,295446,813,5001,2482,4369,2604,2268,2035,1100,80
8061,,11328,295446,813,5001,2484,4369,2604,2268,2035,1100,80
8067,,11328,295446,813,5001,2487,4369,2604,2268,2035,1100,80
8072,,11328,295446,813,5001,2490,4369,2604,2268,2035,1100,80
8078,,11328,295446,813,5001,2492,4369,2604,2268,2035,1100,80
8084,,11328,295446,813,5001,2495,4369,2604,2268,2035,1100,80
8090,,11328,295446,813,5001,2498,4369,2604,2268,2035,1100,80
8096,,11328,295446,813,5001,2500,4369,2604,2268,2035,1100,80
8102,,11328,295446,813,5001,2503,4369,2604,2268,2035,1100,80
8107,,11328,295446,813,5001,2505,4369,2604,2268,2035,1100,80
8113,,11328,295446,813,5001,2508,4369,2604,2268,2035,1100,80
8118,,11328,295446,813,5001,2511,4369,2604,2268,2035,1100,80
8123,,11328,295446,813,5001,2513,4369,2604,2268,2035,1100,80
8129,,11328,295446,813,5001,2516,4369,2604,2268,2035,1100,80
8134,,11328,295446,813,5001,2519,4369,2604,2268,2035,1100,80
8139,,11328,295446,813,5001,2521,4369,2604,2268,2035,1100,80
8145,,11328,295446,813,5001,2524,4369,2604,2268,2035,1100,80
8150,,11328,295446,813,5001,2527,4369,2604,2268,2035,1100,80
8153,,11328,295446,813,5001,2529,4369,2604,2268,2035,1100,80
8156,,11328,295446,813,5001,2532,4369,2604,2268,2035,1100,80
8160,,11328,295446,813,5001,2535,4369,2604,2268,2035,1100,80
8163,,11328,295446,813,5001,2537,4369,2604,2268,2035,1100,80
8166,,11328,295446,813,5001,2540,4369,2604,2268,2035,1100,80
8169,,11328,295446,813,5001,2543,4369,2604,2268,2035,1100,80
8172,,11328,295446,813,5001,2545,4369,2604,2268,2035,1100,80
8176,,11328,295446,813,5001,2548,4369,2604,2268,2035,1100,80
8179,,11328,295446,813,5001,2551,4369,2604,2268,2035,1100,80
8182,,11328,295446,813,5001,2553,4369,2604,2268,2035,1100,80
8185,,11328,295446,813,5001,2556,4369,2604,2268,2035,1100,80
8188,,11328,295446,813,5001,2559,4369,2604,2268,2035,1100,80
8192,,11328,295446,813,5001,2561,4369,2604,2268,2035,1100,80
8195,,11328,295446,813,5001,2564,4369,2604,2268,2035,1100,80
8198,,11328,295446,813,5001,2567,4369,2604,2268,2035,1100,80
8201,,11328,295446,813,5001,2569,4369,2604,2268,2035,1100,80
8205,,11328,295446,813,5001,2572,4369,2604,2268,2035,1100,80
8208,,11328,295446,813,5001,2575,4369,2604,2268,2035,1100,80
8211,,11328,295446,813,5001,2577,4369,2604,2268,2035,1100,80
8214,,11328,295446,813,5001,2580,4369,2604,2268,2035,1100,80
8217,,11328,295446,813,5001,2583,4369,2604,2268,2035,1100,80
8221,,11328,295446,813,5001,2585,4369,2604,2268,2035,1100,80
8224,,11328,295446,813,5001,2588,4369,2604,2268,2035,1100,80
8227,,11328,295446,813,5001,2591,4369,2604,2268,2035,1100,80
8234,,11328,295446,813,5001,2593,4369,2604,2268,2035,1100,80
8240,,11328,295446,813,5001,2596,4369,2604,2268,2035,1100,80
8247,,11328,295446,813,5001,2599,4369,2604,2268,2035,1100,80
8254,,11328,295446,813,5001,2601,4369,2604,2268,2035,1100,80
8260,,11328,295446,813,5001,2604,4369,2604,2268,2035,1100,80
8267,,11328,295446,813,5001,2607,4369,2604,2268,2035,1100,80